"method","N","M","P","execution_time","work_performed"
"dijkstra","154","329","1","162.8763639033203","185.61938051757812"
"dijkstra","152","380","1","172.23054545214845","192.35354587304687"
"dijkstra","50","98","1","5.726605600097656","6.598977538085937"
"dijkstra","148","316","1","143.27449809472657","157.40515687890624"
"dijkstra","106","217","1","54.01596045507812","61.37353951660156"
"dijkstra","164","361","1","194.18794898144532","212.62669909960937"
"dijkstra","66","163","1","14.611196994628907","16.6473512578125"
"dijkstra","42","76","1","3.335094023925781","3.860310423828125"
"dijkstra","103","194","1","52.410137169921875","59.96501803808594"
"dijkstra","51","109","1","7.504061432128906","8.816539174804687"
"dijkstra","32","58","1","1.4888316569824218","1.7825512275390625"
"dijkstra","73","134","1","18.822379908691406","21.604170517578126"
"dijkstra","130","277","1","94.89427360498047","108.11554444824219"
"dijkstra","101","189","1","49.95969860546875","57.24751852832031"
"dijkstra","26","47","1","0.824081888671875","0.9939681369628907"
"dijkstra","37","68","1","2.044116091796875","2.4200422944335935"
"dijkstra","159","348","1","175.44295225976563","192.231090734375"
"dijkstra","105","310","1","55.767096549804684","61.095452208984376"
"dijkstra","28","50","1","1.2075868276367188","1.435632373046875"
"dijkstra","110","279","1","66.16384440234376","74.80960011035157"
"dijkstra","89","184","1","32.761111407226565","36.66631665429688"
"dijkstra","155","338","1","164.99257003027344","181.03937255078125"
"dijkstra","118","222","1","74.46608174902343","84.97457585058594"
"dijkstra","103","194","1","52.39004595214844","59.9616984453125"
"dijkstra","40","73","1","2.7709475354003907","3.2951234260253908"
"dijkstra","101","297","1","49.757822124023434","54.60758655175781"
"dijkstra","114","338","1","71.00093403613282","77.62948174121094"
"dijkstra","138","298","1","120.7442370625","136.0550734472656"
"dijkstra","52","103","1","6.355623552246094","7.305264333496094"
"dijkstra","70","141","1","16.364317453125","18.594548962402342"
"dijkstra","51","109","1","7.527643307617187","8.8435036015625"
"dijkstra","94","243","1","41.18284021191406","46.38255528613281"
"dijkstra","105","197","1","55.05926001269531","62.93043695898437"
"dijkstra","137","293","1","113.35109258300781","124.82185202148437"
"dijkstra","165","363","1","196.93738159179688","215.44729061035156"
"dijkstra","65","161","1","14.011684963378906","15.981614404296876"
"dijkstra","141","300","1","121.48873534375","133.71915987207032"
"dijkstra","192","480","1","321.10939814453127","356.23296109765624"
"dijkstra","47","118","1","5.594251950683594","6.4307044892578125"
"dijkstra","35","74","1","2.510058813720703","2.9701272739257814"
"dijkstra","76","216","1","21.80685576171875","24.2444621328125"
"dijkstra","24","42","1","0.6454042692871094","0.7661807353515625"
"dijkstra","67","121","1","14.041889999023438","16.130811389648436"
"dijkstra","168","416","1","224.1966911767578","250.196268265625"
"dijkstra","58","162","1","9.97800504736328","11.205782181640625"
"dijkstra","124","264","1","84.19232250488281","93.08213951757813"
"dijkstra","145","361","1","149.74066513671875","167.3242405234375"
"dijkstra","123","308","1","90.02971426464843","101.4242090283203"
"dijkstra","72","141","1","19.12802579638672","22.157259846679686"
"dijkstra","43","83","1","3.6049295480957033","4.177204501953125"
"dijkstra_nospeedup","154","329","1","295.67680562890627","318.4356366464844"
"dijkstra_nospeedup","152","380","1","280.958653765625","301.0641699824219"
"dijkstra_nospeedup","50","98","1","7.1979033071289065","8.072042328125"
"dijkstra_nospeedup","148","316","1","214.48490132421875","228.57094186132812"
"dijkstra_nospeedup","106","217","1","82.29586741210937","89.61858176757812"
"dijkstra_nospeedup","164","361","1","296.86834504492185","315.21994191015625"
"dijkstra_nospeedup","66","163","1","18.98598302441406","21.02105667578125"
"dijkstra_nospeedup","42","76","1","4.058019040527344","4.5814700859375"
"dijkstra_nospeedup","103","194","1","81.7147149609375","89.24488241699218"
"dijkstra_nospeedup","51","109","1","9.851206540527343","11.144561866210937"
"dijkstra_nospeedup","32","58","1","1.8070206442871093","2.0973777907714846"
"dijkstra_nospeedup","73","134","1","26.23536028125","28.993566459960938"
"dijkstra_nospeedup","130","277","1","158.88588729174805","172.08043623535156"
"dijkstra_nospeedup","101","189","1","77.78245890625","85.0551004921875"
"dijkstra_nospeedup","26","47","1","0.9677983139648437","1.1371980881347656"
"dijkstra_nospeedup","37","68","1","2.49789203125","2.863069914794922"
"dijkstra_nospeedup","159","348","1","265.648542828125","282.36283382421874"
"dijkstra_nospeedup","105","310","1","71.54979395703126","76.85851240625"
"dijkstra_nospeedup","28","50","1","1.4002890102539063","1.6207840178222657"
"dijkstra_nospeedup","110","279","1","99.45745390429687","108.04545870898437"
"dijkstra_nospeedup","89","184","1","44.52133638671875","48.408157817382815"
"dijkstra_nospeedup","155","338","1","249.44190409179689","265.44717827929685"
"dijkstra_nospeedup","118","222","1","121.15421493164062","131.568289765625"
"dijkstra_nospeedup","103","194","1","81.71562715332031","89.23907004980468"
"dijkstra_nospeedup","40","73","1","3.499481210449219","4.019842141113282"
"dijkstra_nospeedup","101","297","1","63.39496516113281","68.20151983300781"
"dijkstra_nospeedup","114","338","1","92.29372086230468","98.85324700097657"
"dijkstra_nospeedup","138","298","1","198.54470448242188","213.80054781640624"
"dijkstra_nospeedup","52","103","1","8.00345978466797","8.955893036132812"
"dijkstra_nospeedup","70","141","1","21.737816967773437","23.96461943847656"
"dijkstra_nospeedup","51","109","1","9.848446426757812","11.144541169921874"
"dijkstra_nospeedup","94","243","1","57.60567009472656","62.811510729492184"
"dijkstra_nospeedup","105","197","1","86.2616571669922","94.12788045898438"
"dijkstra_nospeedup","137","293","1","166.613850171875","178.03282049023437"
"dijkstra_nospeedup","165","363","1","301.0507786972656","319.6124750390625"
"dijkstra_nospeedup","65","161","1","18.218883455078124","20.19204080371094"
"dijkstra_nospeedup","141","300","1","179.84247553320313","191.97292607226564"
"dijkstra_nospeedup","192","480","1","560.0683982890625","595.1449671367187"
"dijkstra_nospeedup","47","118","1","6.795109791503906","7.628714938476563"
"dijkstra_nospeedup","35","74","1","3.0210630131835936","3.4691379672851563"
"dijkstra_nospeedup","76","216","1","27.0426305703125","29.439219548828124"
"dijkstra_nospeedup","24","42","1","0.7287908842773437","0.8473038898925781"
"dijkstra_nospeedup","67","121","1","18.956234055664062","21.00908869238281"
"dijkstra_nospeedup","168","416","1","380.09822637890625","405.93742529101564"
"dijkstra_nospeedup","58","162","1","11.923254408203125","13.13849779736328"
"dijkstra_nospeedup","124","264","1","121.41380773046875","130.2118025605469"
"dijkstra_nospeedup","145","361","1","240.23451145898437","257.783176796875"
"dijkstra_nospeedup","123","308","1","139.94987491992188","151.37772367773437"
"dijkstra_nospeedup","72","141","1","27.1059174296875","30.127701220703123"
"dijkstra_nospeedup","43","83","1","4.397774774902344","4.9601527216796875"
"SPFA","154","329","1","13.715464983154297","13.767200739387512"
"SPFA","152","380","1","20.061060570678713","20.026906804229736"
"SPFA","50","98","1","0.41741120495605466","0.4266926202545166"
"SPFA","148","316","1","15.719874251098632","15.725322225585938"
"SPFA","106","217","1","5.289771215942383","5.305745808166504"
"SPFA","164","361","1","22.127052166625976","22.12726606488037"
"SPFA","66","163","1","1.325362768371582","1.3280198730773927"
"SPFA","42","76","1","0.2283108370666504","0.2356016723022461"
"SPFA","103","194","1","4.4710544111938475","4.4930679361763"
"SPFA","51","109","1","0.5477551526184082","0.5525037924957276"
"SPFA","32","58","1","0.08958390742492676","0.09539295601654053"
"SPFA","73","134","1","1.4255741473388672","1.4403323915405273"
"SPFA","130","277","1","7.806810240051269","7.854229514938354"
"SPFA","101","189","1","4.206568224121094","4.228226262214661"
"SPFA","26","47","1","0.04903449447631836","0.05254280844116211"
"SPFA","37","68","1","0.13428643382263183","0.14176866104888916"
"SPFA","159","348","1","19.880824911865233","19.88041331852722"
"SPFA","105","310","1","6.691121313110352","6.673400171730042"
"SPFA","28","50","1","0.08120659875488281","0.08435172218322753"
"SPFA","110","279","1","7.005761845825195","6.9976243483505245"
"SPFA","89","184","1","3.116665596740723","3.1215296389961242"
"SPFA","155","338","1","18.41952097668457","18.414172189323427"
"SPFA","118","222","1","6.291244234375","6.321524750686645"
"SPFA","103","194","1","4.46930071685791","4.488323399932861"
"SPFA","40","73","1","0.18099914416503907","0.18853233432006836"
"SPFA","101","297","1","5.920676456176758","5.9050805193099976"
"SPFA","114","338","1","8.733693556518555","8.706640374557495"
"SPFA","138","298","1","13.125864243041992","13.124924961791992"
"SPFA","52","103","1","0.4711601515197754","0.47968715783691407"
"SPFA","70","141","1","1.3961340899047852","1.405689319404602"
"SPFA","51","109","1","0.5484576598815918","0.5525797155151367"
"SPFA","94","243","1","4.43706833605957","4.432555432991028"
"SPFA","105","197","1","4.6930640053710935","4.713697834144592"
"SPFA","137","293","1","12.086630298828124","12.089032877738953"
"SPFA","165","363","1","22.491617287231445","22.481146134605407"
"SPFA","65","161","1","1.2587070776367189","1.2649553217849732"
"SPFA","141","300","1","12.958857256958007","12.964837543933868"
"SPFA","192","480","1","39.819958340942385","39.758764524429324"
"SPFA","47","118","1","0.5044560411376953","0.505853527420044"
"SPFA","35","74","1","0.1827928730163574","0.1853633754196167"
"SPFA","76","216","1","2.3901876114501954","2.3842905372009278"
"SPFA","24","42","1","0.043022903900146486","0.04534187135314941"
"SPFA","67","121","1","1.009871127532959","1.024671039047241"
"SPFA","168","416","1","26.333713092895508","26.298708438545226"
"SPFA","58","162","1","1.0656575883178712","1.0618386934661865"
"SPFA","124","264","1","8.740622579589843","8.75159265989685"
"SPFA","145","361","1","17.082134323730468","17.057596534835817"
"SPFA","123","308","1","9.882994274291992","9.867668028701782"
"SPFA","72","141","1","1.611311564453125","1.6205019831962586"
"SPFA","43","83","1","0.2634447651062012","0.2707284527206421"
"SPFA_nospeedup","154","329","1","37.056898785644535","37.209131993896484"
"SPFA_nospeedup","152","380","1","41.224026073242186","41.38081587133789"
"SPFA_nospeedup","50","98","1","0.8865820786132812","0.9032076525268554"
"SPFA_nospeedup","148","316","1","31.00893746508789","31.15601636450195"
"SPFA_nospeedup","106","217","1","9.584284219482422","9.658738140625"
"SPFA_nospeedup","164","361","1","44.33009420678711","44.508851263183594"
"SPFA_nospeedup","66","163","1","2.3665683944702147","2.395203321166992"
"SPFA_nospeedup","42","76","1","0.4167944085998535","0.4280263139038086"
"SPFA_nospeedup","103","194","1","8.958381374511719","9.02716469116211"
"SPFA_nospeedup","51","109","1","1.0546980178222656","1.071421009399414"
"SPFA_nospeedup","32","58","1","0.15841845657348633","0.1653330444793701"
"SPFA_nospeedup","73","134","1","2.8492119947509766","2.8849261737670897"
"SPFA_nospeedup","130","277","1","19.722137436050414","19.832691950073244"
"SPFA_nospeedup","101","189","1","8.364126760009766","8.433154096557617"
"SPFA_nospeedup","26","47","1","0.08415419973754883","0.08874440399169922"
"SPFA_nospeedup","37","68","1","0.2475880358581543","0.2564650433959961"
"SPFA_nospeedup","159","348","1","38.996365857666014","39.16265664941406"
"SPFA_nospeedup","105","310","1","13.713794640502929","13.785704534179688"
"SPFA_nospeedup","28","50","1","0.13796612139892578","0.14375548944091796"
"SPFA_nospeedup","110","279","1","12.967576717529298","13.044520693359376"
"SPFA_nospeedup","89","184","1","5.97482625024414","6.027825737792969"
"SPFA_nospeedup","155","338","1","36.50347695507813","36.66142155615234"
"SPFA_nospeedup","118","222","1","13.808510162841797","13.900765948486328"
"SPFA_nospeedup","103","194","1","8.946780871948242","9.016228318847656"
"SPFA_nospeedup","40","73","1","0.3274910223083496","0.338214811706543"
"SPFA_nospeedup","101","297","1","11.98311222314453","12.05066756591797"
"SPFA_nospeedup","114","338","1","18.27154137182617","18.356958498535157"
"SPFA_nospeedup","138","298","1","23.977084172607423","24.098080368652344"
"SPFA_nospeedup","52","103","1","0.9905810848999024","1.008610154296875"
"SPFA_nospeedup","70","141","1","2.811542815917969","2.8447171137695313"
"SPFA_nospeedup","51","109","1","1.0560598474731446","1.0730014174804687"
"SPFA_nospeedup","94","243","1","7.869683087646484","7.929033197998047"
"SPFA_nospeedup","105","197","1","9.458856646728515","9.531055074462891"
"SPFA_nospeedup","137","293","1","23.69795419970703","23.822496806884764"
"SPFA_nospeedup","165","363","1","44.939140052246096","45.11416564013672"
"SPFA_nospeedup","65","161","1","2.264950498291016","2.2930532421875"
"SPFA_nospeedup","141","300","1","25.576964392333984","25.704192807617186"
"SPFA_nospeedup","192","480","1","84.60830581347656","84.84948141552735"
"SPFA_nospeedup","47","118","1","0.7577397020263672","0.7722965213623046"
"SPFA_nospeedup","35","74","1","0.3317202642211914","0.3400405416259766"
"SPFA_nospeedup","76","216","1","4.57130616809082","4.609994997558593"
"SPFA_nospeedup","24","42","1","0.07128114849853516","0.07511702807617188"
"SPFA_nospeedup","67","121","1","2.010556366760254","2.0394386282958985"
"SPFA_nospeedup","168","416","1","55.58026397314453","55.763633380859375"
"SPFA_nospeedup","58","162","1","1.891306023803711","1.9144100073242187"
"SPFA_nospeedup","124","264","1","17.298419102050783","17.398808419921874"
"SPFA_nospeedup","145","361","1","35.583017447998046","35.72175227539063"
"SPFA_nospeedup","123","308","1","19.110376829589843","19.210355770019532"
"SPFA_nospeedup","72","141","1","2.6071161395874025","2.6417608981933594"
"SPFA_nospeedup","43","83","1","0.5554497490234375","0.5676238861694336"
"MatMul","154","329","1","219.299736","227.2607415"
"MatMul","152","380","1","216.400784","223.3629245"
"MatMul","50","98","1","6.82554178125","7.43909609375"
"MatMul","148","316","1","210.673422","218.5492855"
"MatMul","106","217","1","75.7406825","78.939856"
"MatMul","164","361","1","235.484599","245.153401"
"MatMul","66","163","1","19.4279210625","20.735702"
"MatMul","42","76","1","4.15702065625","4.49006115625"
"MatMul","103","194","1","69.34342475","71.972062"
"MatMul","51","109","1","7.16102634375","7.6566986875"
"MatMul","32","58","1","1.4071976796875","1.540491453125"
"MatMul","73","134","1","25.9228188125","27.3755259375"
"MatMul","130","277","1","170.603249","176.387676"
"MatMul","101","189","1","66.1225495","69.105138"
"MatMul","26","47","1","0.8085155390625","0.89261846484375"
"MatMul","37","68","1","2.966361671875","3.28616571875"
"MatMul","159","348","1","229.446394","237.922202"
"MatMul","105","310","1","73.48885225","76.6766905"
"MatMul","28","50","1","0.993690234375","1.1131072265625"
"MatMul","110","279","1","84.34136175","87.88863325"
"MatMul","89","184","1","45.699119875","47.6442275"
"MatMul","155","338","1","221.1772805","228.8886775"
"MatMul","118","222","1","103.15155225","106.63166625"
"MatMul","103","194","1","69.27385825","71.84079375"
"MatMul","40","73","1","3.608048328125","3.913592484375"
"MatMul","101","297","1","65.79532175","68.53905375"
"MatMul","114","338","1","92.47459575","95.67893925"
"MatMul","138","298","1","190.269276","196.8977295"
"MatMul","52","103","1","7.47837825","8.00325375"
"MatMul","70","141","1","23.087924875","24.26073875"
"MatMul","51","109","1","7.128409375","7.60115646875"
"MatMul","94","243","1","53.37580825","55.70148025"
"MatMul","105","197","1","74.0248055","77.05584175"
"MatMul","137","293","1","188.4859885","195.4547475"
"MatMul","165","363","1","235.845075","245.195208"
"MatMul","65","161","1","18.8619141875","19.9091281875"
"MatMul","141","300","1","196.1893705","202.9662995"
"MatMul","192","480","1","265.606365","278.87686"
"MatMul","47","118","1","5.64544615625","6.08469615625"
"MatMul","35","74","1","2.5368795546875","2.7973918125"
"MatMul","76","216","1","29.090188375","30.716091"
"MatMul","24","42","1","0.66054734375","0.74452840625"
"MatMul","67","121","1","20.3107965625","21.371295875"
"MatMul","168","416","1","240.567529","250.663592"
"MatMul","58","162","1","10.02388115625","10.632798375"
"MatMul","124","264","1","118.509187","122.7421925"
"MatMul","145","361","1","203.35295","209.7793655"
"MatMul","123","308","1","116.36054375","120.293415"
"MatMul","72","141","1","24.9649405625","26.314044375"
"MatMul","43","83","1","4.3800135625","4.69182534375"
"dijkstra","154","329","4","110.34279961132812","280.27331172460936"
"dijkstra","152","380","4","109.18048290820313","278.1511912753906"
"dijkstra","50","98","4","3.7649116174316406","10.430272454101562"
"dijkstra","148","316","4","82.64647949316407","216.62965302539064"
"dijkstra","106","217","4","35.832338422851564","93.14641668164063"
"dijkstra","164","361","4","111.73701575878906","291.02244529882813"
"dijkstra","66","163","4","9.754984993652343","25.8161527421875"
"dijkstra","42","76","4","2.3883219658203125","6.356029606445312"
"dijkstra","103","194","4","33.88539173681641","92.82776630664063"
"dijkstra","51","109","4","5.407486908691406","14.570430026367188"
"dijkstra","32","58","4","1.0778411446533203","3.0780608891601564"
"dijkstra","73","134","4","12.44194592578125","34.12016553125"
"dijkstra","130","277","4","65.33670704431152","163.48203549072267"
"dijkstra","101","189","4","32.544576118652344","88.8970848359375"
"dijkstra","26","47","4","0.6148039880371093","1.7460606611328124"
"dijkstra","37","68","4","1.4429636193847657","4.0733373359375"
"dijkstra","159","348","4","100.9774043984375","263.75075389648435"
"dijkstra","105","310","4","34.048724689453124","84.8793544921875"
"dijkstra","28","50","4","0.87743375390625","2.4729828076171874"
"dijkstra","110","279","4","42.68817031591797","112.16324995703125"
"dijkstra","89","184","4","19.999601095703124","53.76610217285156"
"dijkstra","155","338","4","95.08338021777344","248.98907932617186"
"dijkstra","118","222","4","47.97436950732422","129.86185082421875"
"dijkstra","103","194","4","33.8822697758789","92.62299908105469"
"dijkstra","40","73","4","1.9933965439453125","5.573379143554687"
"dijkstra","101","297","4","30.177732673828125","75.91279292675782"
"dijkstra","114","338","4","42.60598777001953","106.45684730175782"
"dijkstra","138","298","4","78.94525760449218","201.686139546875"
"dijkstra","52","103","4","4.147563719726563","11.492459569335937"
"dijkstra","70","141","4","10.299523588867187","28.46266489453125"
"dijkstra","51","109","4","5.418037077636718","14.557695665039063"
"dijkstra","94","243","4","26.096054947753906","69.01248365625"
"dijkstra","105","197","4","35.7337776381836","97.14115044726563"
"dijkstra","137","293","4","65.15005165917968","172.96586400195312"
"dijkstra","165","363","4","113.19422198828126","294.788453828125"
"dijkstra","65","161","4","9.396242954101563","24.927896274414064"
"dijkstra","141","300","4","69.68375970996094","184.78065613476562"
"dijkstra","192","480","4","198.29280907714843","503.1861946679688"
"dijkstra","47","118","4","3.820884019287109","10.369602387695313"
"dijkstra","35","74","4","1.9072047917480468","5.116537370117188"
"dijkstra","76","216","4","13.76484740283203","35.276813296875"
"dijkstra","24","42","4","0.4637430815429687","1.31895377734375"
"dijkstra","67","121","4","9.446848955078124","25.38262358203125"
"dijkstra","168","416","4","140.0208399394531","359.00997879296875"
"dijkstra","58","162","4","6.4763144069824214","16.835571163085937"
"dijkstra","124","264","4","48.71546658691406","130.77561303710937"
"dijkstra","145","361","4","94.364644984375","241.912254265625"
"dijkstra","123","308","4","57.54310109179688","150.39088058398437"
"dijkstra","72","141","4","13.493718617675782","35.64025517675781"
"dijkstra","43","83","4","2.454002845214844","6.664414386230469"
"dijkstra_nospeedup","154","329","4","132.0318307089844","415.73023159765626"
"dijkstra_nospeedup","152","380","4","123.47779088867188","385.77307551953123"
"dijkstra_nospeedup","50","98","4","3.9140304348144532","11.909394311523437"
"dijkstra_nospeedup","148","316","4","93.7231310078125","286.94282424804686"
"dijkstra_nospeedup","106","217","4","38.672833201660154","121.24118204492187"
"dijkstra_nospeedup","164","361","4","125.74139545507812","391.24926772070313"
"dijkstra_nospeedup","66","163","4","9.499756557128906","29.802455791992188"
"dijkstra_nospeedup","42","76","4","2.3135196923828123","6.878985043945312"
"dijkstra_nospeedup","103","194","4","38.8060404506836","122.162778984375"
"dijkstra_nospeedup","51","109","4","5.363427156738282","16.94001632128906"
"dijkstra_nospeedup","32","58","4","1.1265163853759765","3.415123366699219"
"dijkstra_nospeedup","73","134","4","13.463983159179687","41.27688807421875"
"dijkstra_nospeedup","130","277","4","71.65969271386719","228.85909256884764"
"dijkstra_nospeedup","101","189","4","37.167625435058596","117.05534307226563"
"dijkstra_nospeedup","26","47","4","0.6286322996826171","1.89823910546875"
"dijkstra_nospeedup","37","68","4","1.4640514802246094","4.528527854003906"
"dijkstra_nospeedup","159","348","4","113.18380108691406","351.2258028222656"
"dijkstra_nospeedup","105","310","4","31.956490599609374","98.22397848828125"
"dijkstra_nospeedup","28","50","4","0.8894850766601563","2.637541458984375"
"dijkstra_nospeedup","110","279","4","46.515610735351565","144.7968955625"
"dijkstra_nospeedup","89","184","4","20.832636997558595","65.16691030664063"
"dijkstra_nospeedup","155","338","4","106.948933578125","331.7070771054687"
"dijkstra_nospeedup","118","222","4","55.92067959960937","177.269596921875"
"dijkstra_nospeedup","103","194","4","38.835162790039064","122.30919433789063"
"dijkstra_nospeedup","40","73","4","2.0553418232421876","6.352310357910156"
"dijkstra_nospeedup","101","297","4","28.645566352050782","87.50977338867187"
"dijkstra_nospeedup","114","338","4","40.64971051806641","125.07020422070312"
"dijkstra_nospeedup","138","298","4","88.95655269921875","279.72073454882815"
"dijkstra_nospeedup","52","103","4","4.237860224853516","13.134725155273438"
"dijkstra_nospeedup","70","141","4","11.055846135742188","33.69109064355469"
"dijkstra_nospeedup","51","109","4","5.3650267734375","16.949151150390627"
"dijkstra_nospeedup","94","243","4","27.557469303222657","84.927998140625"
"dijkstra_nospeedup","105","197","4","40.748158315429684","128.62951960351563"
"dijkstra_nospeedup","137","293","4","72.84802604833985","225.96023212109375"
"dijkstra_nospeedup","165","363","4","127.60933310644532","395.9590729433594"
"dijkstra_nospeedup","65","161","4","9.233757274902343","28.79005229296875"
"dijkstra_nospeedup","141","300","4","78.7273941982422","242.4484122890625"
"dijkstra_nospeedup","192","480","4","237.89595414746094","739.9988504335937"
"dijkstra_nospeedup","47","118","4","3.734583124755859","11.2652546328125"
"dijkstra_nospeedup","35","74","4","1.8593921794433594","5.530989017578125"
"dijkstra_nospeedup","76","216","4","12.946677190917969","39.49611013671875"
"dijkstra_nospeedup","24","42","4","0.44908676525878904","1.390511056640625"
"dijkstra_nospeedup","67","121","4","9.71012761767578","30.158936923828126"
"dijkstra_nospeedup","168","416","4","164.08076006835938","514.8201522421875"
"dijkstra_nospeedup","58","162","4","5.980161739013672","18.287039243164063"
"dijkstra_nospeedup","124","264","4","53.5112890234375","167.38710784765624"
"dijkstra_nospeedup","145","361","4","107.08642180859376","332.106211078125"
"dijkstra_nospeedup","123","308","4","64.05617480566406","199.8623446484375"
"dijkstra_nospeedup","72","141","4","14.080979333496094","43.51122595800781"
"dijkstra_nospeedup","43","83","4","2.417883219238281","7.45091355078125"
"SPFA","154","329","4","5.9156630940551755","16.197227408447265"
"SPFA","152","380","4","11.180757942626952","31.07277557836914"
"SPFA","50","98","4","0.2284868231201172","0.7113803621215821"
"SPFA","148","316","4","6.834134157714844","22.09414094784546"
"SPFA","106","217","4","2.421864287597656","7.3894405761108395"
"SPFA","164","361","4","10.346922903503417","32.64451600079346"
"SPFA","66","163","4","0.7119812429199218","1.9960913919677734"
"SPFA","42","76","4","0.1724903893585205","0.5338033535766602"
"SPFA","103","194","4","2.977490857543945","8.243078389923095"
"SPFA","51","109","4","0.2724268499603271","0.9152696693115234"
"SPFA","32","58","4","0.07760850883483887","0.2260398436279297"
"SPFA","73","134","4","1.0249386855163574","2.7446969613647463"
"SPFA","130","277","4","4.017812168609619","10.181568305114746"
"SPFA","101","189","4","2.349809282287598","6.903312272460938"
"SPFA","26","47","4","0.04659495774841309","0.13794002990722656"
"SPFA","37","68","4","0.12661046336364745","0.346892507232666"
"SPFA","159","348","4","8.541062833435058","28.35046243640137"
"SPFA","105","310","4","3.145279350708008","10.43368820147705"
"SPFA","28","50","4","0.06097768739318848","0.17788032662963868"
"SPFA","110","279","4","3.5183165618896486","10.664087430786132"
"SPFA","89","184","4","1.3805188936767578","4.527951608947754"
"SPFA","155","338","4","8.008445837280274","25.820882789581297"
"SPFA","118","222","4","3.6483479686279296","10.35929381866455"
"SPFA","103","194","4","2.967471901184082","8.2117534737854"
"SPFA","40","73","4","0.1466692527770996","0.4103360806274414"
"SPFA","101","297","4","2.692921759399414","8.941191231872558"
"SPFA","114","338","4","3.8606319431152345","12.941935735107421"
"SPFA","138","298","4","5.257836536987305","16.906088722717286"
"SPFA","52","103","4","0.2538651549987793","0.7790491506652832"
"SPFA","70","141","4","0.7769259392700195","2.419105431488037"
"SPFA","51","109","4","0.27588713424682615","0.914111633605957"
"SPFA","94","243","4","2.0397423688964844","6.139361130157471"
"SPFA","105","197","4","3.271800540222168","8.805987484207153"
"SPFA","137","293","4","4.94330827734375","16.48847926095581"
"SPFA","165","363","4","10.108012974243165","32.04896305331421"
"SPFA","65","161","4","0.6780702190246582","1.9154786208801269"
"SPFA","141","300","4","5.574242845397949","18.320531825073243"
"SPFA","192","480","4","23.211241926513672","59.8772567925415"
"SPFA","47","118","4","0.29712744323730467","0.8498316560058594"
"SPFA","35","74","4","0.14278048069763183","0.40406392059326174"
"SPFA","76","216","4","1.2338761900024413","3.971209077392578"
"SPFA","24","42","4","0.03961184173583984","0.11329992169189453"
"SPFA","67","121","4","0.621741685546875","1.817086211517334"
"SPFA","168","416","4","14.571014686767578","37.87328205175781"
"SPFA","58","162","4","0.5455638220520019","1.7982441328430177"
"SPFA","124","264","4","3.6796488782958985","12.238101245605469"
"SPFA","145","361","4","8.85245652368164","26.053668610839843"
"SPFA","123","308","4","4.6232626256103515","13.84647179309082"
"SPFA","72","141","4","0.7505814806823731","2.398660330657959"
"SPFA","43","83","4","0.17427859170532226","0.47896482983398436"
"SPFA_nospeedup","154","329","4","15.117424226440429","38.95252295800781"
"SPFA_nospeedup","152","380","4","18.891617606811522","46.799286208740234"
"SPFA_nospeedup","50","98","4","0.38433196884155274","1.0611865095214843"
"SPFA_nospeedup","148","316","4","12.359356134887696","31.621311200439454"
"SPFA_nospeedup","106","217","4","4.004404117004395","10.65124607080078"
"SPFA_nospeedup","164","361","4","17.740555746948242","45.29440067260742"
"SPFA_nospeedup","66","163","4","1.1495543436889648","2.8647262900390627"
"SPFA_nospeedup","42","76","4","0.22884528048706054","0.6000569258422852"
"SPFA_nospeedup","103","194","4","3.6015116398315428","9.987746422851563"
"SPFA_nospeedup","51","109","4","0.4742079150695801","1.3129518842773438"
"SPFA_nospeedup","32","58","4","0.09356193934631347","0.26766880786132813"
"SPFA_nospeedup","73","134","4","1.3648427886657715","3.571116619140625"
"SPFA_nospeedup","130","277","4","8.354877915130615","20.903584827178957"
"SPFA_nospeedup","101","189","4","3.334363128051758","9.325832866088867"
"SPFA_nospeedup","26","47","4","0.05504892245483398","0.15792358798217773"
"SPFA_nospeedup","37","68","4","0.13013744900512694","0.378826518737793"
"SPFA_nospeedup","159","348","4","15.737495753295898","40.0420653425293"
"SPFA_nospeedup","105","310","4","6.019310939819336","14.511277900878905"
"SPFA_nospeedup","28","50","4","0.0821077956237793","0.2232832908935547"
"SPFA_nospeedup","110","279","4","5.796390214538574","14.41328409741211"
"SPFA_nospeedup","89","184","4","2.5226085443725585","6.410339247558594"
"SPFA_nospeedup","155","338","4","14.464824436035157","36.95761150292969"
"SPFA_nospeedup","118","222","4","5.555175027648926","15.537991059448242"
"SPFA_nospeedup","103","194","4","3.6037358880615233","9.988369493530273"
"SPFA_nospeedup","40","73","4","0.16301791151428222","0.46853254376220704"
"SPFA_nospeedup","101","297","4","5.047164772949219","12.457987982666015"
"SPFA_nospeedup","114","338","4","7.625506559570312","18.696242840576172"
"SPFA_nospeedup","138","298","4","9.774799716064454","26.072572813720704"
"SPFA_nospeedup","52","103","4","0.4417376008911133","1.1885919702148438"
"SPFA_nospeedup","70","141","4","1.167041921508789","3.1460721048583986"
"SPFA_nospeedup","51","109","4","0.4747219284057617","1.309553223022461"
"SPFA_nospeedup","94","243","4","3.5382208908691406","8.794201400146484"
"SPFA_nospeedup","105","197","4","3.7760351543579103","10.500551459228516"
"SPFA_nospeedup","137","293","4","9.273016875366212","23.830322244628906"
"SPFA_nospeedup","165","363","4","17.686747594482423","45.128356203369144"
"SPFA_nospeedup","65","161","4","1.0843228838500976","2.7467105725097656"
"SPFA_nospeedup","141","300","4","10.330833217895508","26.342960603515625"
"SPFA_nospeedup","192","480","4","36.639537466918945","93.53936040625"
"SPFA_nospeedup","47","118","4","0.40117014215087893","1.0212987202148438"
"SPFA_nospeedup","35","74","4","0.17659741046142577","0.4596838818359375"
"SPFA_nospeedup","76","216","4","2.063602281188965","5.087413422485351"
"SPFA_nospeedup","24","42","4","0.04813225888061524","0.13457252947998047"
"SPFA_nospeedup","67","121","4","1.001833771911621","2.4742798127441405"
"SPFA_nospeedup","168","416","4","24.539361018066405","61.4179697265625"
"SPFA_nospeedup","58","162","4","0.9216451087646484","2.2384759122314453"
"SPFA_nospeedup","124","264","4","6.771138974487305","17.530081565917968"
"SPFA_nospeedup","145","361","4","15.926501184692382","39.53926168505859"
"SPFA_nospeedup","123","308","4","8.825841243530274","21.793361525634765"
"SPFA_nospeedup","72","141","4","1.1305062351989745","3.066958442443848"
"SPFA_nospeedup","43","83","4","0.2743268677062988","0.7003595600585938"
"MatMul","154","329","4","78.67632575","308.449936"
"MatMul","152","380","4","75.4700295","296.48042"
"MatMul","50","98","4","2.1021404765625","8.00882865625"
"MatMul","148","316","4","70.023660375","275.29902"
"MatMul","106","217","4","21.30813975","83.08091725"
"MatMul","164","361","4","94.0984055","369.283415"
"MatMul","66","163","4","5.855265375","22.531791375"
"MatMul","42","76","4","1.31936292578125","5.07038359375"
"MatMul","103","194","4","20.262014625","79.225054"
"MatMul","51","109","4","2.3155704140625","8.8589364375"
"MatMul","32","58","4","0.47520925","1.7818286796875"
"MatMul","73","134","4","7.90172309375","30.69161125"
"MatMul","130","277","4","48.77332725","190.780748"
"MatMul","101","189","4","19.0554136875","74.8241215"
"MatMul","26","47","4","0.273156","1.0336527734375"
"MatMul","37","68","4","1.0134861328125","3.8789760625"
"MatMul","159","348","4","87.748183","345.23498"
"MatMul","105","310","4","21.273879","83.10666175"
"MatMul","28","50","4","0.3389044921875","1.2719242265625"
"MatMul","110","279","4","23.6771410625","92.35145075"
"MatMul","89","184","4","13.66512178125","52.88045675"
"MatMul","155","338","4","81.39105575","320.724567"
"MatMul","118","222","4","28.70167825","112.6217515"
"MatMul","103","194","4","20.388151","79.10708325"
"MatMul","40","73","4","1.17554986328125","4.47783884375"
"MatMul","101","297","4","19.2306039375","75.00662075"
"MatMul","114","338","4","26.231254375","102.07387875"
"MatMul","138","298","4","57.5856825","225.725833"
"MatMul","52","103","4","2.3245480234375","8.84120903125"
"MatMul","70","141","4","6.88870365625","26.5547879375"
"MatMul","51","109","4","2.32582709375","8.94794846875"
"MatMul","94","243","4","15.457097875","60.030671125"
"MatMul","105","197","4","21.4909515625","83.46633875"
"MatMul","137","293","4","57.1966475","225.062287"
"MatMul","165","363","4","96.87317425","381.972285"
"MatMul","65","161","4","5.816865421875","22.431247375"
"MatMul","141","300","4","62.294818","244.4626345"
"MatMul","192","480","4","147.47518825","581.654008"
"MatMul","47","118","4","1.873650796875","7.2246405625"
"MatMul","35","74","4","0.90350821875","3.421914890625"
"MatMul","76","216","4","8.54164675","33.211178625"
"MatMul","24","42","4","0.23339305078125","0.87670537109375"
"MatMul","67","121","4","6.38159959375","24.51744325"
"MatMul","168","416","4","100.20833975","394.584483"
"MatMul","58","162","4","3.041158640625","11.7940265"
"MatMul","124","264","4","33.0863095","129.6746085"
"MatMul","145","361","4","67.3475255","264.532337"
"MatMul","123","308","4","33.108563","129.206345"
"MatMul","72","141","4","7.4147621875","28.60191575"
"MatMul","43","83","4","1.4946613515625","5.685787015625"
"dijkstra","154","329","16","90.2325050390625","571.3482480742188"
"dijkstra","152","380","16","81.5491066665039","532.77869784375"
"dijkstra","50","98","16","3.1867373046875","22.082068900390624"
"dijkstra","148","316","16","58.10804994580078","393.58423075"
"dijkstra","106","217","16","28.0281206015625","187.96197853515625"
"dijkstra","164","361","16","77.26837193457031","519.5643726210938"
"dijkstra","66","163","16","7.98876258203125","52.4534574140625"
"dijkstra","42","76","16","1.92995803125","13.30190417578125"
"dijkstra","103","194","16","27.488348107421874","191.04120864453125"
"dijkstra","51","109","16","4.98793719946289","32.08959649023438"
"dijkstra","32","58","16","0.9726931239013672","7.042388715820312"
"dijkstra","73","134","16","10.137687207275391","70.969757171875"
"dijkstra","130","277","16","51.91843808862305","332.1296248125"
"dijkstra","101","189","16","26.432771747558593","184.10434473046874"
"dijkstra","26","47","16","0.5563855324707031","4.048319626953125"
"dijkstra","37","68","16","1.294287265991211","9.024159209960937"
"dijkstra","159","348","16","70.54423193017578","471.7256726484375"
"dijkstra","105","310","16","24.41728373828125","153.4769391953125"
"dijkstra","28","50","16","0.7666787626953125","5.58730899609375"
"dijkstra","110","279","16","33.61402378320312","223.400461875"
"dijkstra","89","184","16","15.336973191894531","104.723163859375"
"dijkstra","155","338","16","66.4058968857422","448.183776203125"
"dijkstra","118","222","16","38.47661927929688","264.9546793984375"
"dijkstra","103","194","16","27.547306470703123","191.06178871484374"
"dijkstra","40","73","16","1.7395370194091797","12.5074211484375"
"dijkstra","101","297","16","21.45907560498047","137.761553375"
"dijkstra","114","338","16","30.58008033203125","190.53638385351562"
"dijkstra","138","298","16","59.409649661621096","398.84325673828124"
"dijkstra","52","103","16","3.475505219970703","24.03364782421875"
"dijkstra","70","141","16","8.329214435058594","58.271203166015624"
"dijkstra","51","109","16","4.988351927734375","32.09993553125"
"dijkstra","94","243","16","20.509237530273438","136.6806122578125"
"dijkstra","105","197","16","28.934073678710938","199.4176820859375"
"dijkstra","137","293","16","46.78137454638672","317.4160298945313"
"dijkstra","165","363","16","77.81884643994141","523.8123443085938"
"dijkstra","65","161","16","7.723004194580078","50.7746031015625"
"dijkstra","141","300","16","50.198727286132815","337.2369602929688"
"dijkstra","192","480","16","146.8326793154297","937.3462949570312"
"dijkstra","47","118","16","3.2069585119628905","21.62112791015625"
"dijkstra","35","74","16","1.7107362570800781","11.3823432109375"
"dijkstra","76","216","16","10.9712251640625","67.89789101953124"
"dijkstra","24","42","16","0.4029034620361328","2.9705912021484373"
"dijkstra","67","121","16","7.450692357177735","52.9483149140625"
"dijkstra","168","416","16","104.30969267382812","683.6175036992188"
"dijkstra","58","162","16","5.1635206594238285","33.71114603125"
"dijkstra","124","264","16","35.35678140771484","242.27378827734375"
"dijkstra","145","361","16","70.85988267919922","465.577948421875"
"dijkstra","123","308","16","44.491086634277345","296.243536078125"
"dijkstra","72","141","16","11.231162694335938","75.85226728125"
"dijkstra","43","83","16","1.9974693266601562","14.2865596484375"
"dijkstra_nospeedup","154","329","16","74.84989656201172","680.1496537578125"
"dijkstra_nospeedup","152","380","16","69.1045889975586","613.64041003125"
"dijkstra_nospeedup","50","98","16","2.663198048095703","22.360444181640624"
"dijkstra_nospeedup","148","316","16","50.44150832470703","443.74559073046873"
"dijkstra_nospeedup","106","217","16","23.536751203125","206.89394819140625"
"dijkstra_nospeedup","164","361","16","67.54959057910156","594.1274797578125"
"dijkstra_nospeedup","66","163","16","6.214892123046875","53.5150936796875"
"dijkstra_nospeedup","42","76","16","1.577132936279297","13.1440691796875"
"dijkstra_nospeedup","103","194","16","23.82249461694336","212.0326663671875"
"dijkstra_nospeedup","51","109","16","3.8035844680175783","32.7142043046875"
"dijkstra_nospeedup","32","58","16","0.7899386348876953","6.994855630859375"
"dijkstra_nospeedup","73","134","16","8.42364528149414","74.58504306054688"
"dijkstra_nospeedup","130","277","16","42.940299113342284","382.5588059121094"
"dijkstra_nospeedup","101","189","16","23.008172814208983","204.22514789453126"
"dijkstra_nospeedup","26","47","16","0.4452192508544922","3.962999888671875"
"dijkstra_nospeedup","37","68","16","1.012512891479492","9.027546521484375"
"dijkstra_nospeedup","159","348","16","61.50614914453125","535.9897945546875"
"dijkstra_nospeedup","105","310","16","18.354432915283205","154.8497755234375"
"dijkstra_nospeedup","28","50","16","0.63370709375","5.41329730859375"
"dijkstra_nospeedup","110","279","16","27.92555252685547","244.11387051953125"
"dijkstra_nospeedup","89","184","16","12.98365863330078","110.22114909570313"
"dijkstra_nospeedup","155","338","16","57.33303134423828","508.88929955078123"
"dijkstra_nospeedup","118","222","16","33.679244440429684","300.9529937890625"
"dijkstra_nospeedup","103","194","16","23.820732713378906","211.99426712109374"
"dijkstra_nospeedup","40","73","16","1.4498290794677735","12.645665284179687"
"dijkstra_nospeedup","101","297","16","16.596091573242187","138.831857515625"
"dijkstra_nospeedup","114","338","16","23.099085877197265","194.27440472070313"
"dijkstra_nospeedup","138","298","16","51.704217837890624","456.63770334375"
"dijkstra_nospeedup","52","103","16","2.8400639575195314","24.4306539453125"
"dijkstra_nospeedup","70","141","16","6.963640938476562","60.086077072265624"
"dijkstra_nospeedup","51","109","16","3.7872803642578123","32.69825081640625"
"dijkstra_nospeedup","94","243","16","16.863404837402342","144.5947946640625"
"dijkstra_nospeedup","105","197","16","25.2115804609375","222.3092896328125"
"dijkstra_nospeedup","137","293","16","40.57234626464844","353.6678383125"
"dijkstra_nospeedup","165","363","16","69.55347849658203","600.8436574609375"
"dijkstra_nospeedup","65","161","16","6.241076171386719","51.8219910625"
"dijkstra_nospeedup","141","300","16","43.55860074267578","378.01837676171874"
"dijkstra_nospeedup","192","480","16","126.38298282519531","1129.62348384375"
"dijkstra_nospeedup","47","118","16","2.4844630091552733","21.194523208984375"
"dijkstra_nospeedup","35","74","16","1.2882054729003907","11.0881608203125"
"dijkstra_nospeedup","76","216","16","7.875781337402343","66.437578890625"
"dijkstra_nospeedup","24","42","16","0.32794599426269533","2.856298923828125"
"dijkstra_nospeedup","67","121","16","6.387069028320313","54.80036224609375"
"dijkstra_nospeedup","168","416","16","90.66663950585938","807.2556287539062"
"dijkstra_nospeedup","58","162","16","3.80700770703125","32.18021930078125"
"dijkstra_nospeedup","124","264","16","30.45657311425781","266.96760392578125"
"dijkstra_nospeedup","145","361","16","59.91327424462891","531.4870116914062"
"dijkstra_nospeedup","123","308","16","38.10166139550781","330.8166671953125"
"dijkstra_nospeedup","72","141","16","9.18968853491211","79.95553759960937"
"dijkstra_nospeedup","43","83","16","1.6368444368896484","14.212945497070313"
"SPFA","154","329","16","4.27829371774292","27.12974686730957"
"SPFA","152","380","16","4.934200372619629","41.035526977783206"
"SPFA","50","98","16","0.22156746469116212","1.6958987177734375"
"SPFA","148","316","16","3.6257135832824705","30.826996796813965"
"SPFA","106","217","16","2.257287832336426","13.545585817749023"
"SPFA","164","361","16","5.644106697814942","46.7521235088501"
"SPFA","66","163","16","0.3749761640930176","3.128046356689453"
"SPFA","42","76","16","0.1318433770751953","1.1651289373779297"
"SPFA","103","194","16","1.5708078489990234","11.403227416015625"
"SPFA","51","109","16","0.32233764358520506","2.0099142178955076"
"SPFA","32","58","16","0.07419265943908691","0.6077654880371094"
"SPFA","73","134","16","0.48868786236572265","4.43899985369873"
"SPFA","130","277","16","3.0316651318588255","17.47602926171875"
"SPFA","101","189","16","1.5590439723510743","11.711076609008789"
"SPFA","26","47","16","0.050194436569213866","0.39903916931152345"
"SPFA","37","68","16","0.15812225158691406","0.91006040234375"
"SPFA","159","348","16","5.582759802642823","41.64381803851318"
"SPFA","105","310","16","2.2276529838562014","17.33153384210205"
"SPFA","28","50","16","0.059343695587158206","0.4927590990600586"
"SPFA","110","279","16","2.10409307913208","15.60961858154297"
"SPFA","89","184","16","1.029151617828369","7.908946893066406"
"SPFA","155","338","16","4.703424778686523","36.119311789428714"
"SPFA","118","222","16","2.680152315460205","15.438185205444336"
"SPFA","103","194","16","1.5524195843200683","11.352167436340332"
"SPFA","40","73","16","0.13736303968811034","1.016859921081543"
"SPFA","101","297","16","1.831214395324707","15.252419764892577"
"SPFA","114","338","16","2.538424174194336","22.613097018737793"
"SPFA","138","298","16","3.7583521165771483","25.860376720947265"
"SPFA","52","103","16","0.23795286727905274","1.788560265686035"
"SPFA","70","141","16","0.5504558405761719","4.201698332946777"
"SPFA","51","109","16","0.3257059635009766","2.0214250424804687"
"SPFA","94","243","16","1.1261462387695313","9.409058816101075"
"SPFA","105","197","16","1.5354640524597167","11.681876842529297"
"SPFA","137","293","16","3.205339788635254","25.40666934259033"
"SPFA","165","363","16","5.961237910766601","44.812747353393554"
"SPFA","65","161","16","0.3413781271057129","3.0176193033447265"
"SPFA","141","300","16","3.3377375493774415","26.299636765502928"
"SPFA","192","480","16","8.73881381463623","75.97516146142578"
"SPFA","47","118","16","0.19842829458618164","1.5363975264892578"
"SPFA","35","74","16","0.1252570327758789","0.9290884318237305"
"SPFA","76","216","16","0.8785888249816894","7.057602644165039"
"SPFA","24","42","16","0.035347911727905273","0.32783455908203124"
"SPFA","67","121","16","0.4493982247924805","3.3267984765014647"
"SPFA","168","416","16","5.5482554472961425","48.036105934875486"
"SPFA","58","162","16","0.4342971242980957","3.4470966492919923"
"SPFA","124","264","16","2.257762593597412","18.833715821899414"
"SPFA","145","361","16","4.213374930053711","34.71589477319336"
"SPFA","123","308","16","2.4496345734863283","19.818199516418456"
"SPFA","72","141","16","0.7742752679748535","4.907089235839844"
"SPFA","43","83","16","0.1558694633178711","1.2064071987304688"
"SPFA_nospeedup","154","329","16","7.926031065490722","45.054872942382815"
"SPFA_nospeedup","152","380","16","8.785944889709473","52.43269632910156"
"SPFA_nospeedup","50","98","16","0.2625393144226074","1.821931525756836"
"SPFA_nospeedup","148","316","16","5.697348225341797","38.820095579345704"
"SPFA_nospeedup","106","217","16","2.1577930866088866","14.192768546142577"
"SPFA_nospeedup","164","361","16","8.462438527099609","54.182308017089845"
"SPFA_nospeedup","66","163","16","0.6621138034973144","4.222898635742188"
"SPFA_nospeedup","42","76","16","0.1462251471710205","1.1054582030029296"
"SPFA_nospeedup","103","194","16","2.133171562561035","13.751702682861328"
"SPFA_nospeedup","51","109","16","0.3446300879211426","2.1502712592773436"
"SPFA_nospeedup","32","58","16","0.06632925461578369","0.576082916015625"
"SPFA_nospeedup","73","134","16","0.7465448539123535","5.1642157602539065"
"SPFA_nospeedup","130","277","16","4.583127446777344","25.917172445861816"
"SPFA_nospeedup","101","189","16","1.9526743266296387","12.768282274658203"
"SPFA_nospeedup","26","47","16","0.044796373359680175","0.36195986279296877"
"SPFA_nospeedup","37","68","16","0.09816142381286622","0.7811082744140625"
"SPFA_nospeedup","159","348","16","7.457724320861816","48.52476018212891"
"SPFA_nospeedup","105","310","16","2.4842066614685057","16.569371288085936"
"SPFA_nospeedup","28","50","16","0.05611438513183594","0.45401924951171874"
"SPFA_nospeedup","110","279","16","3.0262763793640137","17.437673328125"
"SPFA_nospeedup","89","184","16","1.3057098299255372","8.726975204589843"
"SPFA_nospeedup","155","338","16","6.929150856018066","44.90964193115234"
"SPFA_nospeedup","118","222","16","3.3240137059936523","20.116202318847655"
"SPFA_nospeedup","103","194","16","2.128947827697754","13.753580567382812"
"SPFA_nospeedup","40","73","16","0.12635914068603515","0.9572200197753906"
"SPFA_nospeedup","101","297","16","2.348271474975586","15.242172197998046"
"SPFA_nospeedup","114","338","16","3.4394859477539064","22.17898826660156"
"SPFA_nospeedup","138","298","16","4.4686088789367675","31.24518221582031"
"SPFA_nospeedup","52","103","16","0.2839487342224121","1.9927677661132812"
"SPFA_nospeedup","70","141","16","0.6925942486877441","4.80472253515625"
"SPFA_nospeedup","51","109","16","0.34629557206726075","2.1718284228515623"
"SPFA_nospeedup","94","243","16","1.8911334711303711","11.226784690429687"
"SPFA_nospeedup","105","197","16","2.225967866699219","14.198922619628906"
"SPFA_nospeedup","137","293","16","4.365976083374023","30.125734177978515"
"SPFA_nospeedup","165","363","16","8.629237377929687","53.567690390625"
"SPFA_nospeedup","65","161","16","0.6408691278381348","3.923987957519531"
"SPFA_nospeedup","141","300","16","4.727346283325195","32.258510258789066"
"SPFA_nospeedup","192","480","16","16.439573042419433","102.22342101708985"
"SPFA_nospeedup","47","118","16","0.2372181147918701","1.6415000270996094"
"SPFA_nospeedup","35","74","16","0.12163274932861329","0.8367689268798828"
"SPFA_nospeedup","76","216","16","0.9953577659606934","6.77139553881836"
"SPFA_nospeedup","24","42","16","0.033825322814941404","0.30201223522949217"
"SPFA_nospeedup","67","121","16","0.5189029084777832","3.7716820063476564"
"SPFA_nospeedup","168","416","16","10.943704738220214","68.79632600390624"
"SPFA_nospeedup","58","162","16","0.45682920181274417","3.225991315185547"
"SPFA_nospeedup","124","264","16","3.231721301574707","22.535734196289063"
"SPFA_nospeedup","145","361","16","7.425751172912598","45.460304890625"
"SPFA_nospeedup","123","308","16","4.425027190795898","25.823130036132813"
"SPFA_nospeedup","72","141","16","0.6905999320678711","4.730276305664063"
"SPFA_nospeedup","43","83","16","0.17161050169372558","1.2744958176269532"
"MatMul","154","329","16","22.026166625","334.591179"
"MatMul","152","380","16","20.5127829375","310.690984"
"MatMul","50","98","16","0.68689698828125","9.85816934375"
"MatMul","148","316","16","19.00928575","288.083478"
"MatMul","106","217","16","6.267001515625","93.46434125"
"MatMul","164","361","16","25.2341615","384.622526"
"MatMul","66","163","16","1.82529419921875","26.63169725"
"MatMul","42","76","16","0.454107654296875","6.44849615625"
"MatMul","103","194","16","5.6322868125","84.10175775"
"MatMul","51","109","16","0.6867274375","9.896988375"
"MatMul","32","58","16","0.1479358681640625","2.052272546875"
"MatMul","73","134","16","2.4335774140625","35.754592875"
"MatMul","130","277","16","13.8293911875","209.319862"
"MatMul","101","189","16","5.61880465625","84.1678295"
"MatMul","26","47","16","0.107309029296875","1.4843641875"
"MatMul","37","68","16","0.354704458984375","5.019495125"
"MatMul","159","348","16","23.57206625","358.881878"
"MatMul","105","310","16","6.24824546875","93.37745475"
"MatMul","28","50","16","0.1074347021484375","1.4700004296875"
"MatMul","110","279","16","6.851646625","103.01555625"
"MatMul","89","184","16","4.047409375","60.18343525"
"MatMul","155","338","16","21.9319654375","334.429821"
"MatMul","118","222","16","8.32821559375","124.9695045"
"MatMul","103","194","16","5.664072703125","84.21880575"
"MatMul","40","73","16","0.352551296875","5.03749178125"
"MatMul","101","297","16","5.622262125","83.978736"
"MatMul","114","338","16","7.54536825","113.49237525"
"MatMul","138","298","16","16.28537175","246.7676775"
"MatMul","52","103","16","0.68368855859375","9.8770620625"
"MatMul","70","141","16","2.117323953125","31.008760875"
"MatMul","51","109","16","0.68753445703125","9.86093921875"
"MatMul","94","243","16","4.5449024375","67.500595"
"MatMul","105","197","16","6.20460965625","93.28962525"
"MatMul","137","293","16","16.3089521875","247.092236"
"MatMul","165","363","16","27.0314445625","412.032842"
"MatMul","65","161","16","1.83704896875","26.724756375"
"MatMul","141","300","16","17.630473375","266.9588435"
"MatMul","192","480","16","39.31054625","601.903638"
"MatMul","47","118","16","0.56787054296875","8.02588484375"
"MatMul","35","74","16","0.2747248564453125","3.863447875"
"MatMul","76","216","16","2.4352980625","35.818321"
"MatMul","24","42","16","0.07452208935546875","1.0246200078125"
"MatMul","67","121","16","1.8306324140625","26.65949425"
"MatMul","168","416","16","26.945557125","411.719387"
"MatMul","58","162","16","1.0004353984375","14.3840655"
"MatMul","124","264","16","9.08372303125","136.8422475"
"MatMul","145","361","16","19.0220504375","288.587172"
"MatMul","123","308","16","9.09008446875","136.64908"
"MatMul","72","141","16","2.13253678125","31.0302035"
"MatMul","43","83","16","0.45071294921875","6.3970445625"
"dijkstra","154","329","64","85.81259286230468","1832.58145234375"
"dijkstra","152","380","64","80.09202361669922","1633.46495346875"
"dijkstra","50","98","64","3.3887462004394533","71.894739328125"
"dijkstra","148","316","64","52.87534014599609","1154.58556859375"
"dijkstra","106","217","64","29.137913740234374","597.9778698671875"
"dijkstra","164","361","64","70.0532896328125","1509.14106046875"
"dijkstra","66","163","64","7.990034265625","167.36061740625"
"dijkstra","42","76","64","1.8694664638671874","43.165473125"
"dijkstra","103","194","64","28.343131858398436","618.61547790625"
"dijkstra","51","109","64","5.123462817382812","106.835481109375"
"dijkstra","32","58","64","1.119312517578125","24.0613353203125"
"dijkstra","73","134","64","10.524969905761719","229.6796642421875"
"dijkstra","130","277","64","49.48299826748657","1066.5266599882812"
"dijkstra","101","189","64","27.2665049609375","599.06365921875"
"dijkstra","26","47","64","0.602169554321289","13.922007875"
"dijkstra","37","68","64","1.447503562133789","30.4667555703125"
"dijkstra","159","348","64","63.5619901015625","1371.5148861953126"
"dijkstra","105","310","64","22.816888970214844","436.876822765625"
"dijkstra","28","50","64","0.8367062058105469","18.7290495"
"dijkstra","110","279","64","33.05306334228516","701.3510352265625"
"dijkstra","89","184","64","15.20905328857422","321.3382145390625"
"dijkstra","155","338","64","61.141762651855466","1312.1155505625"
"dijkstra","118","222","64","39.04858281787109","854.01376359375"
"dijkstra","103","194","64","28.4731177890625","618.53930828125"
"dijkstra","40","73","64","1.9264579770507813","42.595412390625"
"dijkstra","101","297","64","20.866504384277345","394.884968109375"
"dijkstra","114","338","64","28.71606145654297","539.3136607890625"
"dijkstra","138","298","64","59.24488136328125","1252.802290890625"
"dijkstra","52","103","64","3.4565086684570314","78.41466771875"
"dijkstra","70","141","64","8.85460376538086","185.4810378515625"
"dijkstra","51","109","64","5.12524051171875","106.958987765625"
"dijkstra","94","243","64","20.131766583984376","424.22301215625"
"dijkstra","105","197","64","28.87028031201172","644.35118990625"
"dijkstra","137","293","64","43.85216103613281","939.6009675390625"
"dijkstra","165","363","64","70.90136104345703","1521.57313565625"
"dijkstra","65","161","64","7.696313124511719","162.279395421875"
"dijkstra","141","300","64","45.495027463378904","995.4947415625"
"dijkstra","192","480","64","141.86893513085937","2812.78668625"
"dijkstra","47","118","64","3.5686076208496096","69.628544484375"
"dijkstra","35","74","64","1.851667593017578","37.78178375"
"dijkstra","76","216","64","10.849296047119141","200.6212710625"
"dijkstra","24","42","64","0.48457681787109375","10.0641113203125"
"dijkstra","67","121","64","7.919079469238281","170.646128546875"
"dijkstra","168","416","64","102.21817546972656","2097.764306390625"
"dijkstra","58","162","64","5.374689640136719","101.66683896875"
"dijkstra","124","264","64","33.63140657861328","723.53409271875"
"dijkstra","145","361","64","70.28027144335938","1431.00046034375"
"dijkstra","123","308","64","43.97602148242188","925.76441590625"
"dijkstra","72","141","64","12.355413364746093","249.77447384375"
"dijkstra","43","83","64","2.1120475295410155","46.660237609375"
"dijkstra_nospeedup","154","329","64","63.80741751806641","1913.353960953125"
"dijkstra_nospeedup","152","380","64","57.47536207861328","1676.742425796875"
"dijkstra_nospeedup","50","98","64","2.4144823203125","70.533448171875"
"dijkstra_nospeedup","148","316","64","41.22988680517578","1174.546417234375"
"dijkstra_nospeedup","106","217","64","20.209021075683594","604.6014944375"
"dijkstra_nospeedup","164","361","64","53.592875480957034","1542.65407159375"
"dijkstra_nospeedup","66","163","64","5.562172177246094","163.9945014453125"
"dijkstra_nospeedup","42","76","64","1.4055220595703124","42.1985872890625"
"dijkstra_nospeedup","103","194","64","20.705143958007813","628.7060135078125"
"dijkstra_nospeedup","51","109","64","3.553179538330078","105.790972578125"
"dijkstra_nospeedup","32","58","64","0.7440474631347657","23.4981865234375"
"dijkstra_nospeedup","73","134","64","7.507776833984375","228.9365721875"
"dijkstra_nospeedup","130","277","64","36.28357109066773","1097.1334193945313"
"dijkstra_nospeedup","101","189","64","19.969384896972656","608.1217191953125"
"dijkstra_nospeedup","26","47","64","0.4270642998046875","13.561388453125"
"dijkstra_nospeedup","37","68","64","0.9561793072509766","29.80686941015625"
"dijkstra_nospeedup","159","348","64","48.85949791748047","1396.9676395"
"dijkstra_nospeedup","105","310","64","14.880376432373048","419.904912625"
"dijkstra_nospeedup","28","50","64","0.5856014926757812","18.20368521875"
"dijkstra_nospeedup","110","279","64","23.98772295263672","705.61401075"
"dijkstra_nospeedup","89","184","64","10.82391448046875","319.584326796875"
"dijkstra_nospeedup","155","338","64","46.288518015869144","1336.0724387421874"
"dijkstra_nospeedup","118","222","64","29.117989100585937","876.00916675"
"dijkstra_nospeedup","103","194","64","20.69864251635742","628.6373677890625"
"dijkstra_nospeedup","40","73","64","1.3556419956054688","41.8605271640625"
"dijkstra_nospeedup","101","297","64","13.368025244873047","378.750200796875"
"dijkstra_nospeedup","114","338","64","18.71982975805664","519.63021"
"dijkstra_nospeedup","138","298","64","43.06987497607422","1281.667852203125"
"dijkstra_nospeedup","52","103","64","2.5736104868164063","76.814847203125"
"dijkstra_nospeedup","70","141","64","6.124225106445312","182.669897140625"
"dijkstra_nospeedup","51","109","64","3.5540739438476563","105.706859484375"
"dijkstra_nospeedup","94","243","64","14.156254582519532","421.549415640625"
"dijkstra_nospeedup","105","197","64","21.80154796044922","656.6089949921875"
"dijkstra_nospeedup","137","293","64","32.829493838134766","950.427926203125"
"dijkstra_nospeedup","165","363","64","55.561178540527344","1555.73984075"
"dijkstra_nospeedup","65","161","64","5.454798645996093","158.9752938671875"
"dijkstra_nospeedup","141","300","64","35.30403724389648","1010.308020859375"
"dijkstra_nospeedup","192","480","64","103.70134771533203","2955.3034290625"
"dijkstra_nospeedup","47","118","64","2.2792606413574217","67.03501662890625"
"dijkstra_nospeedup","35","74","64","1.191602459716797","36.81632921875"
"dijkstra_nospeedup","76","216","64","6.618737204589844","191.6412775390625"
"dijkstra_nospeedup","24","42","64","0.3138340985107422","9.648432109375"
"dijkstra_nospeedup","67","121","64","5.700153166748047","169.448741421875"
"dijkstra_nospeedup","168","416","64","74.39341719335937","2173.3159985"
"dijkstra_nospeedup","58","162","64","3.3801023571777344","96.57296271484375"
"dijkstra_nospeedup","124","264","64","25.23308881616211","730.339389296875"
"dijkstra_nospeedup","145","361","64","49.89515776074219","1463.2382805"
"dijkstra_nospeedup","123","308","64","31.911421729003905","939.915372"
"dijkstra_nospeedup","72","141","64","8.324669749511719","248.511607625"
"dijkstra_nospeedup","43","83","64","1.481042025024414","45.48105925390625"
"SPFA","154","329","64","3.389583323547363","63.45092126806641"
"SPFA","152","380","64","4.8636817614135746","75.1152491887207"
"SPFA","50","98","64","0.19161663592529296","5.440879349853516"
"SPFA","148","316","64","3.1857732097473144","63.97674470751953"
"SPFA","106","217","64","2.0074439543762206","31.30994671923828"
"SPFA","164","361","64","3.4942971196899415","85.44279525927735"
"SPFA","66","163","64","0.3837009712219238","9.591712779785157"
"SPFA","42","76","64","0.1292389267578125","3.708396598876953"
"SPFA","103","194","64","1.8191744088745117","29.24491372314453"
"SPFA","51","109","64","0.2710676563415527","5.745608007324218"
"SPFA","32","58","64","0.0995389806213379","2.1733576774902343"
"SPFA","73","134","64","0.686104823059082","12.982834891113281"
"SPFA","130","277","64","2.1253537621536256","41.90458023413086"
"SPFA","101","189","64","1.9570504442138672","28.45851857080078"
"SPFA","26","47","64","0.061906331985473635","1.4055100634765625"
"SPFA","37","68","64","0.18709214428710938","2.9824596071777343"
"SPFA","159","348","64","3.5985440190734863","79.49203510742187"
"SPFA","105","310","64","1.9835627514038086","34.225084989990236"
"SPFA","28","50","64","0.0691260005493164","1.6623430969238282"
"SPFA","110","279","64","2.059656233886719","35.147898581298826"
"SPFA","89","184","64","0.8479284798889161","20.37569774291992"
"SPFA","155","338","64","3.534617994873047","74.75947460546875"
"SPFA","118","222","64","2.4876534875488283","39.06647575195313"
"SPFA","103","194","64","1.811667106262207","29.13330504296875"
"SPFA","40","73","64","0.15526036511230468","3.4464439362792967"
"SPFA","101","297","64","1.394892738494873","32.18370675097656"
"SPFA","114","338","64","1.9333991489257814","41.582393654541015"
"SPFA","138","298","64","3.2184333513488768","57.19599973828125"
"SPFA","52","103","64","0.2073272128601074","5.890305356445312"
"SPFA","70","141","64","0.565139103729248","12.247624838623047"
"SPFA","51","109","64","0.27252874650573733","5.743905677490234"
"SPFA","94","243","64","1.047854285888672","21.70799037158203"
"SPFA","105","197","64","1.3834658813476564","29.079081102050782"
"SPFA","137","293","64","2.4486455048828124","51.91285010766602"
"SPFA","165","363","64","3.4781153562927245","86.56778567260743"
"SPFA","65","161","64","0.3396076984863281","9.2916038515625"
"SPFA","141","300","64","2.58487668951416","55.959460931396485"
"SPFA","192","480","64","7.495108644744873","130.3743654326172"
"SPFA","47","118","64","0.20247907543945312","4.832731368164063"
"SPFA","35","74","64","0.17942958560180663","2.673810595703125"
"SPFA","76","216","64","0.7364111318664551","15.996977603271484"
"SPFA","24","42","64","0.05045668197631836","1.2006574541015624"
"SPFA","67","121","64","0.5450416713562012","10.504060301269531"
"SPFA","168","416","64","4.693464077270508","90.90309619506836"
"SPFA","58","162","64","0.4794230003967285","8.89237233618164"
"SPFA","124","264","64","2.0465175270385743","41.37134386499024"
"SPFA","145","361","64","4.301274374450683","66.03802387524414"
"SPFA","123","308","64","2.8478105825805664","41.06713300976563"
"SPFA","72","141","64","0.549077676147461","12.816152479003906"
"SPFA","43","83","64","0.14656385350036621","3.848139766845703"
"SPFA_nospeedup","154","329","64","5.107201839385986","76.52565708984375"
"SPFA_nospeedup","152","380","64","6.124882376190185","79.14664765429687"
"SPFA_nospeedup","50","98","64","0.20662518070983887","4.723930157470703"
"SPFA_nospeedup","148","316","64","3.613288503417969","65.572902921875"
"SPFA_nospeedup","106","217","64","1.4361431347351075","27.560996064941406"
"SPFA_nospeedup","164","361","64","4.753795795532227","85.37401955664062"
"SPFA_nospeedup","66","163","64","0.42345500244140627","9.104749185058594"
"SPFA_nospeedup","42","76","64","0.13094840980529784","3.283434978515625"
"SPFA_nospeedup","103","194","64","1.6780236477355956","27.226480908203126"
"SPFA_nospeedup","51","109","64","0.25553176908874514","5.221643624023438"
"SPFA_nospeedup","32","58","64","0.06436800277709961","1.824173171875"
"SPFA_nospeedup","73","134","64","0.5891908013153077","11.814745719726563"
"SPFA_nospeedup","130","277","64","2.585067453338623","45.81789371020508"
"SPFA_nospeedup","101","189","64","1.5269445041503906","26.372288109375"
"SPFA_nospeedup","26","47","64","0.039575318298339844","1.185247333251953"
"SPFA_nospeedup","37","68","64","0.08343418696594239","2.4419147255859377"
"SPFA_nospeedup","159","348","64","4.142275520751953","77.95337489648438"
"SPFA_nospeedup","105","310","64","1.5554297709655762","30.007453631835936"
"SPFA_nospeedup","28","50","64","0.051750360618591305","1.402599782470703"
"SPFA_nospeedup","110","279","64","1.9158322174682618","32.74697741503906"
"SPFA_nospeedup","89","184","64","0.8680967434387207","18.13542219921875"
"SPFA_nospeedup","155","338","64","4.156877455078125","74.16293326171875"
"SPFA_nospeedup","118","222","64","2.326977112075806","37.754831672851566"
"SPFA_nospeedup","103","194","64","1.675906148651123","27.28252095800781"
"SPFA_nospeedup","40","73","64","0.10388689190673828","2.901174667236328"
"SPFA_nospeedup","101","297","64","1.3534389086914063","27.01071479296875"
"SPFA_nospeedup","114","338","64","1.8886394947814942","37.22793245898438"
"SPFA_nospeedup","138","298","64","2.8462948959350585","52.70933297265625"
"SPFA_nospeedup","52","103","64","0.20558788603210448","5.172762875976563"
"SPFA_nospeedup","70","141","64","0.46779298126220703","10.442083092773437"
"SPFA_nospeedup","51","109","64","0.25548251237487796","5.223968889648438"
"SPFA_nospeedup","94","243","64","1.2193934677734375","22.10305943408203"
"SPFA_nospeedup","105","197","64","1.6736636453704834","28.610775076171876"
"SPFA_nospeedup","137","293","64","2.7383616601867677","52.253988787597656"
"SPFA_nospeedup","165","363","64","4.781504721252442","86.37050616601563"
"SPFA_nospeedup","65","161","64","0.4211937951660156","8.846894799804687"
"SPFA_nospeedup","141","300","64","3.0825053195800782","56.65951149609375"
"SPFA_nospeedup","192","480","64","10.59825059954834","145.54695131835936"
"SPFA_nospeedup","47","118","64","0.18157276580810547","4.283679283935547"
"SPFA_nospeedup","35","74","64","0.10077410246276855","2.316336397216797"
"SPFA_nospeedup","76","216","64","0.6641395880737304","13.1016082890625"
"SPFA_nospeedup","24","42","64","0.03151595777893067","0.9936374626464843"
"SPFA_nospeedup","67","121","64","0.40012942124938966","9.140525273681641"
"SPFA_nospeedup","168","416","64","7.303386215576172","102.00332865234375"
"SPFA_nospeedup","58","162","64","0.34051288383483885","7.172329185546875"
"SPFA_nospeedup","124","264","64","2.189056704437256","40.88202427392578"
"SPFA_nospeedup","145","361","64","4.95188789074707","70.797985125"
"SPFA_nospeedup","123","308","64","2.864286367553711","44.28588603515625"
"SPFA_nospeedup","72","141","64","0.5054561244964599","11.113982491210937"
"SPFA_nospeedup","43","83","64","0.13294800233459472","3.434514659423828"
"MatMul","154","329","64","6.8851933125","401.800411"
"MatMul","152","380","64","5.9985088125","349.247185"
"MatMul","50","98","64","0.27943898046875","15.03865"
"MatMul","148","316","64","5.99120903125","349.598267"
"MatMul","106","217","64","2.09210709375","119.426377"
"MatMul","164","361","64","7.822147875","459.038084"
"MatMul","66","163","64","0.685269109375","37.770264875"
"MatMul","42","76","64","0.192341427734375","10.2829893125"
"MatMul","103","194","64","1.7302414375","98.22185075"
"MatMul","51","109","64","0.2779126650390625","15.063118625"
"MatMul","32","58","64","0.05412307202148438","2.791367421875"
"MatMul","73","134","64","0.8865696328125","49.505540875"
"MatMul","130","277","64","4.4649561796875","258.390777"
"MatMul","101","189","64","1.72399099609375","98.05851725"
"MatMul","26","47","64","0.0534917255859375","2.79899971875"
"MatMul","37","68","64","0.125654888671875","6.6306413125"
"MatMul","159","348","64","6.862147171875","401.950117"
"MatMul","105","310","64","2.086399796875","119.3657945"
"MatMul","28","50","64","0.05346469140625","2.79410959375"
"MatMul","110","279","64","2.0928773515625","119.440993"
"MatMul","89","184","64","1.40790753125","79.54147375"
"MatMul","155","338","64","6.8556434375","402.137683"
"MatMul","118","222","64","2.5082572578125","143.550744"
"MatMul","103","194","64","1.7235362734375","98.12967925"
"MatMul","40","73","64","0.12590405078125","6.63528709375"
"MatMul","101","297","64","1.7203755","98.11355275"
"MatMul","114","338","64","2.5006764140625","143.689594"
"MatMul","138","298","64","5.197737203125","301.555642"
"MatMul","52","103","64","0.2765276474609375","15.03685825"
"MatMul","70","141","64","0.686859814453125","37.806904"
"MatMul","51","109","64","0.27748658984375","15.0363486875"
"MatMul","94","243","64","1.4056539140625","79.4705635"
"MatMul","105","197","64","2.0928305","119.31267"
"MatMul","137","293","64","5.187474109375","301.6572615"
"MatMul","165","363","64","7.81465109375","459.285233"
"MatMul","65","161","64","0.683979892578125","37.802886"
"MatMul","141","300","64","5.187131546875","301.673897"
"MatMul","192","480","64","11.19430596875","663.215388"
"MatMul","47","118","64","0.192687896484375","10.283114875"
"MatMul","35","74","64","0.1260996708984375","6.63281"
"MatMul","76","216","64","0.89312003125","49.548185625"
"MatMul","24","42","64","0.028585155883789064","1.450311234375"
"MatMul","67","121","64","0.682290130859375","37.81852525"
"MatMul","168","416","64","7.798848609375","459.214144"
"MatMul","58","162","64","0.383150021484375","20.9971198125"
"MatMul","124","264","64","2.9619387734375","170.586138"
"MatMul","145","361","64","5.993954640625","349.271306"
"MatMul","123","308","64","2.952024546875","170.5686795"
"MatMul","72","141","64","0.68359433984375","37.75400575"
"MatMul","43","83","64","0.1921746640625","10.31727084375"
